TLD,Count
com,154430717
de,17058771
net,12464063
org,11009759
cn,9891927
uk,9850747
nl,5977737
ru,5743785
br,4826018
fr,4168538
au,4106648
xyz,3722489
eu,3633674
info,3554398
shop,3458943
ca,3327980
co,3309041
it,3228027
in,3030641
online,3027795
top,2797857
ch,2530526
pl,2495340
us,2154492
es,2063994
jp,1711630
be,1634709
store,1582889
site,1515370
cc,1508684
at,1457362
cz,1415661
se,1403123
ir,1355812
za,1322749
dk,1315312
biz,1219614
tr,1142244
vip,1109300
mx,1081186
io,1061072
me,1024105
kr,1013816
hu,865665
no,825977
sbs,813734
id,774116
рф (xn--p1ai),743572
app,735602
nz,727716
pro,716746
club,608588
lol,582767
ro,581356
bond,551878
cl,545736
ai,539379
live,538930
fi,538797
vn,523410
gr,516716
ar,513580
today,472134
ua,471610
tech,468347
sk,460575
fun,459948
dev,437961
click,425596
tv,417909
pt,414701
life,408792
icu,370006
cloud,364535
tw,349001
asia,341675
buzz,325238
space,323391
cfd,316300
ie,316130
my,295772
pw,289680
blog,274910
il,273794
ae,273170
world,271727
cyou,258084
website,252196
art,246480
one,237662
mobi,237370
lt,231921
work,224712
hk,216268
nu,212186
link,211333
sg,195379
group,192711
kz,183235
ng,182018
tokyo,181359
ws,176141
ee,172252
中国 (xn--fiqs8s),171318
中國 (xn--fiqz9s),161976
lat,161532
si,150821
rs,141229
digital,139534
lv,135362
by,131957
uz,130805
pk,129943
pe,128726
hr,126919
ltd,123680
ph,123265
np,122309
agency,119964
studio,119601
ma,117340
email,112148
design,110558
cat,110552
solutions,109026
lu,108181
su,105319
name,98242
ke,96100
uy,94264
win,91577
is,89645
services,84901
bg,84323
bet,83649
media,82209
网址 (xn--ses554g),81064
th,79629
tk,78808
homes,78311
network,76429
fyi,76181
company,74549
wiki,72594
ovh,72032
ink,71775
lk,71223
hm,69532
li,69203
news,68506
best,65199
sa,64209
pics,63612
rest,63486
zone,63270
tn,61569
love,61175
academy,60807
skin,60632
rocks,60298
nyc,59741
wang,59626
香港 (xn--j6w193g),58056
ge,56867
global,54897
bio,53854
monster,52215
autos,51871
guru,51389
team,51199
africa,50492
games,49436
mom,47699
la,47339
gg,47114
ec,46610
zw,46105
berlin,45172
quest,44967
cam,44856
page,44760
am,43943
social,42907
llc,42761
med,41817
ooo,40456
im,40427
care,40258
re,38869
tel,38637
center,38038
chat,38002
bd,37990
earth,37856
photography,37657
boats,37602
health,37393
makeup,37393
consulting,37202
beauty,37129
support,36878
wtf,36807
systems,36763
business,36617
mk,36317
fit,36086
vc,35423
az,35134
loan,34833
foundation,33875
do,33848
realtor,33734
events,33701
family,33556
london,33448
finance,33433
technology,32596
cm,32388
church,31725
md,31172
gmbh,31019
expert,30759
tz,30700
city,30654
ba,30581
education,30544
run,30465
plus,30257
help,29686
在线 (xn--3ds443g),29656
works,29607
al,29413
bz,29376
marketing,29229
bayern,29093
photo,29007
py,29001
st,28943
capital,28895
商标 (xn--czr694b),28736
商城 (xn--czru2d),28695
手机 (xn--kput3i),28565
ninja,27200
cf,26824
international,26506
cy,26417
coach,26243
to,26108
qa,25911
coffee,25828
sh,25493
farm,25461
bid,24674
photos,24261
公司 (xn--55qx5d),23890
house,23850
community,23842
tools,23781
pink,23742
cool,23702
travel,23574
ve,23370
mn,23368
cafe,23221
software,23216
casino,23125
energy,22911
baby,22831
swiss,22816
ing,22768
rent,22765
host,22585
ly,22566
school,22514
training,22451
party,22203
tips,21967
video,21906
college,21832
ventures,21803
gt,21776
land,21758
ag,21743
christmas,21712
mt,21523
pet,21512
law,21397
hair,21270
sx,21144
fund,20765
legal,20559
pub,20011
amsterdam,19600
rip,19552
as,19519
fm,19393
immo,19246
paris,19194
market,19169
рус (xn--p1acf),19156
bar,19059
red,18731
gallery,18627
ac,18613
nrw,18292
hamburg,18275
so,18191
trade,18174
koeln,18131
guide,18121
money,18099
cr,17875
band,17751
wine,17697
uno,17610
show,17413
moscow,17283
dog,17177
cash,17140
dz,17119
wedding,16983
casa,16960
网络 (xn--io0a7i),16598
exchange,16503
realestate,16326
miami,16288
directory,16154
press,16020
yoga,15949
institute,15932
wien,15453
pa,15447
bike,15402
bot,15368
codes,15182
pm,15145
kg,15066
pictures,15011
men,14955
moe,14922
blue,14896
cx,14810
eus,14798
gay,14723
sy,14669
feedback,14660
gq,14616
golf,14575
clinic,14430
partners,14312
loans,14300
zip,14198
beer,14157
properties,14145
boutique,13695
yachts,13674
fashion,13365
scot,13243
rentals,13213
bo,13006
stream,12989
gold,12942
gdn,12924
ci,12889
aero,12839
wales,12725
bzh,12691
fitness,12532
management,12490
tours,12347
pizza,12160
sale,12152
direct,12137
tax,12100
mu,11877
reviews,11872
vet,11613
gov,11576
vision,11548
contact,11526
bw,11521
style,11497
vegas,11425
我爱你 (xn--6qq986b3xl),11409
auction,11379
science,11352
day,11171
estate,11100
clothing,11068
jetzt,10940
москва (xn--80adxhks),10933
xin,10840
productions,10794
jobs,10739
solar,10646
бел (xn--90ais),10597
kiwi,10561
frl,10332
ao,10279
report,10163
ms,10148
tm,9950
engineering,9900
onl,9891
mz,9851
cards,9795
careers,9781
healthcare,9700
ug,9689
sn,9675
sport,9661
construction,9586
watch,9579
place,9573
express,9516
sv,9491
ren,9444
vin,9350
fan,9204
green,9021
ml,8988
sexy,8953
dental,8932
hn,8888
eg,8788
deals,8675
ps,8658
lawyer,8598
dj,8572
kim,8521
army,8472
holdings,8457
cd,8454
restaurant,8389
한국 (xn--3e0b707e),8387
shopping,8381
coop,8308
brussels,8297
cymru,8259
computer,8257
delivery,8232
university,8204
fans,8201
enterprises,8150
ky,8118
tirol,8118
sucks,7993
jm,7987
haus,7979
porn,7971
dance,7945
camp,7912
fo,7865
supply,7770
rw,7767
repair,7729
download,7706
financial,7677
je,7664
date,7638
parts,7574
kitchen,7563
domains,7521
motorcycles,7512
tj,7511
lc,7506
meme,7495
ist,7474
quebec,7454
bh,7373
srl,7316
edu,7218
gal,7118
review,7061
gs,6998
sydney,6983
limited,6965
nc,6949
xxx,6911
immobilien,6904
industries,6889
tc,6815
sd,6679
gl,6676
dvag,6675
investments,6670
cpa,6557
eco,6532
sex,6531
town,6518
taxi,6424
black,6393
engineer,6372
build,6335
adult,6334
film,6315
melbourne,6274
zm,6266
vote,6249
promo,6235
na,6159
mv,6137
lighting,6120
ski,6074
menu,6072
charity,6063
graphics,6045
game,6030
gift,5944
lgbt,5922
credit,5908
om,5889
insure,5878
ceo,5806
builders,5744
football,5700
fish,5649
vlaanderen,5636
mg,5514
et,5458
gives,5450
doctor,5402
pr,5379
kaufen,5376
istanbul,5331
iq,5323
yt,5262
ngo,5240
schule,5194
inc,5170
toys,5163
sc,5159
bf,5145
gifts,4991
ni,4991
attorney,4927
trading,4923
boston,4915
jo,4841
audio,4819
网店 (xn--hxt814e),4784
barcelona,4742
poker,4725
garden,4704
claims,4659
equipment,4620
now,4603
ruhr,4600
faith,4585
ga,4582
af,4577
vg,4562
music,4548
cv,4519
forsale,4517
mm,4502
tg,4466
укр (xn--j1amh),4456
mortgage,4447
mba,4430
surf,4418
ax,4359
okinawa,4349
cologne,4331
닷컴 (xn--mk1bu44c),4313
gy,4294
movie,4281
kh,4278
capetown,4272
gh,4271
country,4267
reisen,4262
sr,4256
apartments,4254
mov,4208
taipei,4186
shoes,4167
fail,4147
salon,4135
tube,4131
recipes,4094
racing,4054
vacations,3970
food,3944
移动 (xn--6frz82g),3942
tf,3935
associates,3932
saarland,3926
holiday,3904
box,3900
markets,3878
jewelry,3857
购物 (xn--g2xx48c),3816
cheap,3809
mc,3781
luxe,3771
nagoya,3761
cab,3761
kw,3756
courses,3752
tt,3746
forum,3712
contractors,3667
dating,3658
irish,3628
study,3612
how,3583
glass,3563
archi,3563
gratis,3547
soccer,3478
cg,3456
ad,3432
gent,3426
yokohama,3416
gd,3415
bi,3403
madrid,3399
camera,3393
horse,3377
bm,3368
catering,3367
luxury,3329
ไทย (xn--o3cw4h),3315
ong,3311
coupons,3281
discount,3248
supplies,3215
property,3088
ht,3006
singles,3001
exposed,2975
actor,2973
fj,2970
rodeo,2967
集团 (xn--3bst00m),2957
mo,2951
pg,2948
boo,2925
radio,2924
dentist,2861
foo,2855
rsvp,2840
plumbing,2836
giving,2832
cleaning,2782
voyage,2774
企业 (xn--vhquv),2766
bs,2742
furniture,2726
бг (xn--90ae),2726
joburg,2722
sl,2687
tattoo,2676
mw,2669
lb,2658
dad,2651
wf,2624
gi,2609
broker,2522
bj,2519
hosting,2481
信息 (xn--vuq861b),2471
moda,2448
台灣 (xn--kpry57d),2427
भारत (xn--h2brj9c),2403
コム (xn--tckwe),2383
futbol,2381
alsace,2376
bt,2358
bank,2349
webcam,2345
gp,2334
cu,2328
sm,2318
corsica,2310
ls,2309
中文网 (xn--fiq228c5hs),2304
bingo,2295
cooking,2288
observer,2266
онлайн (xn--80asehdb),2259
esq,2259
diamonds,2242
tienda,2227
rehab,2223
cruises,2158
florist,2120
durban,2120
pf,2100
ελ (xn--qxam),2100
flights,2092
сайт (xn--80aswg),2091
limo,2079
nexus,2077
hospital,2062
villas,2052
bargains,2020
lease,2018
sb,2001
hockey,1990
phd,1979
tl,1932
tennis,1927
mil,1918
vu,1906
sz,1854
desi,1852
accountants,1837
fishing,1834
gm,1833
bb,1832
degree,1770
krd,1766
soy,1753
diy,1751
audi,1723
surgery,1705
vodka,1686
vi,1660
organic,1639
kred,1634
닷넷 (xn--t60b56a),1632
mma,1614
condos,1607
new,1575
spa,1520
theater,1513
mr,1509
mq,1504
bn,1482
みんな (xn--q9jyb4c),1479
lifestyle,1442
网站 (xn--5tzm5g),1435
allfinanz,1425
accountant,1411
ye,1408
срб (xn--90a3ac),1403
台湾 (xn--kprw13d),1401
career,1397
navy,1368
versicherung,1358
ck,1353
hiphop,1347
maison,1345
gop,1339
living,1338
tickets,1332
gf,1322
creditcard,1295
zuerich,1279
nf,1199
bible,1192
קום (xn--9dbq2a),1184
td,1176
diet,1171
sarl,1170
realty,1167
商店 (xn--czrs0t),1163
republican,1154
cw,1154
leclerc,1150
kn,1137
tires,1111
democrat,1104
forex,1058
امارات (xn--mgbaam7a8h),1052
gripe,1050
tatar,1050
flowers,1023
museum,1018
kyoto,1012
dm,994
cricket,986
physio,976
reise,971
السعودية (xn--mgberp4a5d4ar),942
osaka,936
blackfriday,915
whoswho,913
abudhabi,897
airforce,864
орг (xn--c1avg),863
გე (xn--node),859
mp,835
memorial,830
дети (xn--d1acj3b),826
aw,824
ne,823
pn,793
viajes,787
seat,777
an,765
prof,759
basketball,722
locker,713
ryukyu,707
gn,681
neustar,679
pharmacy,675
rio,667
shiksha,658
guitars,658
security,651
ki,640
compare,632
deal,631
select,630
abogado,623
ltda,622
ею (xn--e1a4c),613
voto,608
storage,586
تونس (xn--pgbs0dh),583
rugby,569
crs,569
ભારત (xn--gecrj9c),566
بازار (xn--mgbab2bd),549
lr,537
juegos,517
广东 (xn--xhq521b),514
auto,496
schwarz,493
世界 (xn--rhqv96g),490
հայ (xn--y9a3aq),487
gmx,478
va,467
شبكة (xn--ngbc5azd),459
nr,452
қаз (xn--80ao21a),446
moi,436
creditunion,432
gw,427
abbott,393
qpon,392
goog,384
ss,367
机构 (xn--nqv7f),358
aco,356
broadway,336
мкд (xn--d1alf),311
游戏 (xn--unup4y),307
car,304
watches,298
বাংলা (xn--54b7fta0cc),295
الاردن (xn--mgbayh7gpa),291
cars,289
channel,288
娱乐 (xn--fjq720a),286
bnpparibas,272
lundbeck,271
km,266
ලංකා (xn--fzc2c9e2c),266
fox,248
post,247
lamborghini,245
قطر (xn--wgbl6a),219
佛山 (xn--1qqw23a),213
int,213
bradesco,204
google,198
hiv,196
stockholm,195
man,191
新加坡 (xn--yfro4i67o),189
weir,177
globo,171
中信 (xn--fiq64b),170
voting,169
weber,164
fk,159
citic,155
संगठन (xn--i1b6b1a6a2e),155
insurance,148
ストア (xn--cck2b3b),146
فلسطين (xn--ygbi2ammx),146
dealer,143
مصر (xn--wgbh1c),142
இலங்கை (xn--xkc2al3hye2a),140
theatre,139
toyota,136
barclays,136
jnj,131
bmw,130
سورية (xn--ogbpf8fl),130
nra,129
aws,126
amazon,122
sky,122
stada,121
sbi,119
afl,119
セール (xn--1ck2e1b),116
auspost,115
erni,114
rich,111
protection,110
total,106
aq,106
edeka,106
yandex,104
target,103
موقع (xn--4gbrim),102
discover,101
saxo,99
lotto,96
teva,94
microsoft,91
azure,90
cern,89
iselect,86
クラウド (xn--gckr3f0f),86
cancerresearch,85
gu,85
toray,84
мон (xn--l1acc),84
deloitte,83
tui,82
reit,82
dhl,81
komatsu,80
kfh,79
mini,79
bloomberg,77
cba,76
இந்தியா (xn--xkc2dl3a5ee0h),76
monash,75
pru,74
家電 (xn--fct429k),74
ifm,72
招聘 (xn--otu796d),72
canon,72
pfizer,71
axa,70
chase,69
الجزائر (xn--lgbbat1ad8j),69
jpmorgan,68
kp,68
lidl,67
prudential,64
sncf,63
ລາວ (xn--q7ce6a),63
fage,61
bridgestone,59
ভারত (xn--45brj9c),54
uol,54
ابوظبي (xn--mgbca7dzdo),54
shell,53
trust,51
aig,51
hoteles,51
mango,50
er,50
ricoh,50
食品 (xn--jvr189m),50
aquarelle,49
meet,49
firmdale,48
smart,48
ファッション (xn--bck1b9a5dre4c),47
airbus,47
vana,46
apple,45
fresenius,44
philips,44
ਭਾਰਤ (xn--s9brj9c),44
pictet,43
八卦 (xn--45q11c),43
mlb,43
case,40
statefarm,40
scb,39
kpn,39
ipiranga,38
statebank,38
vivo,38
書籍 (xn--rovu88b),38
anz,38
bostik,37
abbvie,37
sandvik,36
xbox,36
godaddy,36
schmidt,35
itau,34
البحرين (xn--mgbcpq6gpa1a),34
vig,33
cisco,33
bauhaus,32
itv,32
ismaili,31
sap,31
餐厅 (xn--imr513n),31
sener,30
gmo,30
abb,30
clubmed,29
sandvikcoromant,29
shriram,28
barclaycard,28
ikano,28
hisamitsu,28
latrobe,27
schaeffler,27
bentley,27
بيتك (xn--ngbe9e0a),26
pioneer,25
sew,25
williamhill,24
walter,24
dell,24
ally,24
jio,24
bing,23
woodside,23
windows,22
hyatt,22
locus,21
wed,21
allstate,21
sharp,20
redstone,20
hotmail,20
lanxess,20
gle,19
gea,19
sanofi,19
భారత్ (xn--fpcrj9c3d),19
praxi,19
abc,19
youtube,19
suzuki,18
liaison,18
hitachi,18
jcb,17
健康 (xn--nyqy26a),17
المغرب (xn--mgbc0a9azcg),16
kpmg,16
marriott,16
next,16
tatamotors,16
ntt,15
mh,15
gucci,15
lupin,15
otsuka,15
ford,15
catholic,15
csc,15
cuisinella,14
extraspace,14
vanguard,14
bbva,13
arte,13
عمان (xn--mgb9awbf),13
nhk,13
hsbc,13
seven,12
சிங்கப்பூர் (xn--clchc0ea0b2g2a9gcd),12
statoil,11
jll,11
helsinki,11
nico,11
hyundai,11
arpa,11
dubai,11
cbs,10
emerck,10
nowruz,10
politie,10
飞利浦 (xn--kcrx77d1x4a),10
stc,10
warman,9
sony,9
temasek,9
ladbrokes,9
alstom,9
amfam,9
brother,9
ایران (xn--mgba3a4f16a),9
zappos,9
بھارت (xn--mgbbh1a71e),8
orange,8
lilly,8
nationwide,8
hermes,8
nadex,8
ice,8
onyourside,8
swatch,8
symantec,7
spreadbetting,7
sfr,7
skype,7
wme,7
genting,7
nec,7
intel,7
lexus,7
lancaster,7
office,7
yodobashi,7
سودان (xn--mgbpl2fh),7
dupont,7
aetna,7
chintai,7
bugatti,7
cfa,7
amex,7
ferrero,6
aeg,6
fujixerox,6
bbc,6
maif,6
ieee,6
honda,6
mattel,6
sohu,6
toshiba,5
rexroth,5
java,5
nissan,5
mtn,5
grainger,5
gmail,5
netbank,5
cbn,5
fujitsu,5
frogans,5
chanel,5
ericsson,5
yahoo,5
zara,4
xperia,4
omega,4
nokia,4
landrover,4
jmp,4
nike,4
imamat,4
nab,4
jaguar,4
volkswagen,4
play,4
rogers,4
softbank,4
tvs,4
americanexpress,4
aarp,4
android,4
everbank,4
fairwinds,4
citi,4
eurovision,4
flickr,4
blanco,4
able,4
commbank,4
amica,3
crown,3
akdn,3
aaa,3
analytics,3
bcn,3
oracle,3
jprs,3
kia,3
iwc,3
northwesternmutual,3
linde,3
mtr,3
panasonic,3
mutual,3
here,3
mit,3
lincoln,3
vermögensberatung (xn--vermgensberatung-pwb),3
samsung,3
pwc,3
ping,3
unicom,3
ses,3
travelers,3
联通 (xn--8y0a063a),3
prime,3
pohl,3
rwe,2
trv,2
redumbrella,2
ups,2
公益 (xn--55qw42g),2
travelersinsurance,2
star,2
ubs,2
sakura,2
volvo,2
sas,2
prod,2
vuelos,2
lego,2
lixil,2
goo,2
passagens,2
olayangroup,2
nfl,2
nextdirect,2
olayan,2
hdfcbank,2
guardian,2
infiniti,2
anquan,2
ftr,2
cookingchannel,2
bcg,2
beats,2
firestone,2
ceb,2
dnp,2
bms,2
flir,2
fly,2
caravan,2
ads,2
epson,2
chrome,2
docs,2
eat,2
العليان (xn--mgba7c0bbn0a),2
vermögensberater (xn--vermgensberater-ctb),2
政务 (xn--zfr164b),2
موبايلي (xn--mgbb9fbpob),1
عرب (xn--ngbrx),1
嘉里 (xn--w4rs40l),1
zero,1
ارامكو (xn--mgba3a3ejt),1
zippo,1
珠宝 (xn--pbt977c),1
政府 (xn--mxtq1m),1
组织机构 (xn--nqv7fs00ema),1
大拿 (xn--pssy2u),1
yun,1
手表 (xn--kpu716f),1
天主教 (xn--tiq49xqyj),1
yamaxun,1
كاثوليك (xn--mgbi4ecexp),1
همراه (xn--mgbt3dhd),1
اتصالات (xn--mgbaakc7dvf),1
嘉里大酒店 (xn--w4r85el8fhu5dnra),1
you,1
グーグル (xn--qcka1pmc),1
obi,1
joy,1
open,1
htc,1
hughes,1
kuokgroup,1
map,1
lotte,1
hotels,1
marshalls,1
jlc,1
kosher,1
oldnavy,1
hot,1
ollo,1
off,1
mckinsey,1
mcd,1
imdb,1
maserati,1
loft,1
orientexpress,1
kindle,1
icbc,1
pccw,1
kerryproperties,1
gbiz,1
kerrylogistics,1
kerryhotels,1
kddi,1
juniper,1
gallo,1
phone,1
gap,1
gallup,1
pay,1
origins,1
ibm,1
panerai,1
iinet,1
ott,1
kinder,1
ggee,1
lpl,1
pamperedchef,1
lplfinancial,1
george,1
pars,1
macys,1
jot,1
glade,1
jeep,1
msd,1
mopar,1
iveco,1
montblanc,1
lifeinsurance,1
natura,1
hkt,1
nba,1
like,1
latino,1
mobily,1
mobile,1
mormon,1
grocery,1
hgtv,1
hbo,1
mtpc,1
movistar,1
hangout,1
homesense,1
hdfc,1
moto,1
mutuelle,1
lefrak,1
lds,1
guge,1
homedepot,1
netflix,1
lasalle,1
nissay,1
goodhands,1
honeywell,1
norton,1
goldpoint,1
metlife,1
nowtv,1
merckmsd,1
lacaixa,1
jcp,1
meo,1
llp,1
lipsy,1
goodyear,1
homegoods,1
newholland,1
got,1
mls,1
mcdonalds,1
mitsubishi,1
lancome,1
lancia,1
mint,1
intuit,1
lamer,1
nikon,1
삼성 (xn--cg4bki),1
pramerica,1
tdk,1
thd,1
淡马锡 (xn--b4w605ferd),1
tiaa,1
tiffany,1
pnc,1
アマゾン (xn--cckwcxetd),1
sina,1
微博 (xn--9krt00a),1
telecity,1
showtime,1
shouji,1
silk,1
telefonica,1
shia,1
wtc,1
католик (xn--80aqecdr1a),1
नेट (xn--c2br7g),1
时尚 (xn--9et52u),1
tci,1
sling,1
大众汽车 (xn--3oq18vl8pn36a),1
spot,1
srt,1
通販 (xn--gk3at1e),1
pin,1
staples,1
pid,1
ком (xn--j1aef),1
starhub,1
piaget,1
亚马逊 (xn--jlq480n2rg),1
诺基亚 (xn--jlq61u9w7b),1
spiegel,1
電訊盈科 (xn--fzys8d69uvgm),1
ポイント (xn--eckvdtc9d),1
新闻 (xn--efvy88h),1
工行 (xn--estv75g),1
taobao,1
كوم (xn--fhbei),1
talk,1
smile,1
playstation,1
tab,1
谷歌 (xn--flw351e),1
song,1
swiftcover,1
stcgroup,1
shaw,1
visa,1
wanggou,1
richardli,1
sapo,1
weather,1
weatherchannel,1
save,1
weibo,1
uconnect,1
reliance,1
ubank,1
sca,1
tushu,1
samsclub,1
walmart,1
rightathome,1
vista,1
vistaprint,1
viva,1
virgin,1
rocher,1
rmit,1
room,1
viking,1
safe,1
safety,1
ril,1
verisign,1
tunes,1
winners,1
慈善 (xn--30rr7y),1
search,1
secure,1
seek,1
点看 (xn--3pxu8k),1
คอม (xn--42c2d9a),1
tmall,1
tkmaxx,1
tjx,1
tjmaxx,1
shangrila,1
progressive,1
scor,1
कॉम (xn--11b4c3d),1
wolterskluwer,1
travelchannel,1
read,1
raid,1
wow,1
qvc,1
scholarships,1
scjohnson,1
xerox,1
xfinity,1
xihuan,1
香格里拉 (xn--5su34j936bgsg),1
airtel,1
fedex,1
accenture,1
circle,1
farmers,1
free,1
cbre,1
alipay,1
ferrari,1
frontier,1
fast,1
frontdoor,1
fiat,1
flsmidth,1
afamilycompany,1
active,1
chrysler,1
foodnetwork,1
capitalone,1
abarth,1
fire,1
cartier,1
cipriani,1
agakhan,1
aigo,1
final,1
adac,1
caseih,1
fido,1
fidelity,1
chloe,1
dabur,1
comsec,1
bananarepublic,1
banamex,1
baidu,1
boehringer,1
dish,1
bofa,1
bom,1
comcast,1
book,1
booking,1
dodge,1
avianca,1
bnl,1
calvinklein,1
data,1
bbt,1
datsun,1
bestbuy,1
dclk,1
dds,1
bharti,1
cruise,1
baseball,1
delta,1
barefoot,1
coupon,1
blockbuster,1
doha,1
boots,1
budapest,1
alibaba,1
aol,1
epost,1
buy,1
clinique,1
alfaromeo,1
cal,1
esurance,1
etisalat,1
americanfamily,1
call,1
cityeats,1
arab,1
aramco,1
dot,1
author,1
drive,1
dtv,1
duck,1
dunlop,1
duns,1
bosch,1
dvr,1
audible,1
athleta,1
asda,1
citadel,1
bv,N/A
doosan,N/A
gb,N/A
sj,N/A
tp,N/A
مليسيا (xn--mgbx4cd0ab),N/A
